{"slope_mean": 0.11943406374035223, "slope_median": 0.11979852486475727, "slope_std": 0.021170553460307634, "tangential_slope_mean": 0.11707229310886133, "upper_quantile_tangential_slope": 0.20596208291836363, "lower_quantile_tangential_slope": 0.010051471015287916, "lookuptable_train": {"original": {"pelvis_start": {"mean": -2.745499547322591, "std": 0.10874221160182779}, "femur_end": {"mean": -1.560540908575058, "std": 0.07512844196137945}, "L5": {"mean": -0.6176721648528025, "std": 0.0957178786171563}, "L3": {"mean": 0.052215242292732, "std": 0.11627294781407153}, "L1": {"mean": 0.6959226335797991, "std": 0.10029729467926113}, "Th11": {"mean": 1.2022081516884469, "std": 0.1344529140038666}, "Th8": {"mean": 1.9409712723323278, "std": 0.14155011452825206}, "Th5": {"mean": 2.6967951357364655, "std": 0.12801687228422087}, "Th2": {"mean": 3.280768566131592, "std": 0.10767778298735096}, "C6": {"mean": 3.798615582784017, "std": 0.10792801827018249}, "C1": {"mean": 4.612728039423625, "std": 0.07100769625346698}, "eyes_end": {"mean": 5.542757684534246, "std": 0.2022121089149328}}, "transformed": {"pelvis_start": {"mean": 0.0, "std": 1.962}, "femur_end": {"mean": 14.297, "std": 1.355}, "L5": {"mean": 25.673, "std": 1.727}, "L3": {"mean": 33.755, "std": 2.098}, "L1": {"mean": 41.522, "std": 1.81}, "Th11": {"mean": 47.63, "std": 2.426}, "Th8": {"mean": 56.544, "std": 2.554}, "Th5": {"mean": 65.663, "std": 2.31}, "Th2": {"mean": 72.709, "std": 1.943}, "C6": {"mean": 78.956, "std": 1.947}, "C1": {"mean": 88.779, "std": 1.281}, "eyes_end": {"mean": 100.0, "std": 3.648}}}, "lookuptable_train_val": {"original": {"pelvis_start": {"mean": -2.6928066412607827, "std": 0.10884439071289631}, "femur_end": {"mean": -1.578836091229173, "std": 0.06577314155395249}, "pelvis_end": {"mean": -0.33465640983160805, "std": 0.10326295858071104}, "kidney": {"mean": 0.38308819981479864, "std": 0.22587940543099705}, "lung_start": {"mean": 0.9185906512449022, "std": 0.24064352359110694}, "liver_end": {"mean": 1.7642367219520827, "std": 0.21878404153831388}, "lung_end": {"mean": 3.474900489442804, "std": 0.08113673798272203}, "teeth": {"mean": 4.417317072550456, "std": 0.17854248774980305}, "nose": {"mean": 4.88028438274677, "std": 0.29390518283704575}, "eyes_end": {"mean": 5.488396673491507, "std": 0.2079503713033174}, "head_end": {"mean": 6.12293062210083, "std": 0.09797972264011305}, "L5": {"mean": -0.60401938654281, "std": 0.1017393955235942}, "L4": {"mean": -0.28642660076188486, "std": 0.1151252654391576}, "L3": {"mean": 0.07380999058631121, "std": 0.12570401390147176}, "L2": {"mean": 0.39663492613010576, "std": 0.12817129652854783}, "L1": {"mean": 0.7005972978861436, "std": 0.12490828424243021}, "Th12": {"mean": 0.9848121526673084, "std": 0.12550637071792242}, "Th11": {"mean": 1.2117048317352228, "std": 0.13736210734466267}, "Th10": {"mean": 1.4852546251426308, "std": 0.1491021036856563}, "Th9": {"mean": 1.7245671414883337, "std": 0.14341183717055533}, "Th8": {"mean": 1.9587327003479005, "std": 0.12953722739383783}, "Th7": {"mean": 2.203721046447754, "std": 0.15486972705999016}, "Th6": {"mean": 2.4757948875427247, "std": 0.13194563307395055}, "Th5": {"mean": 2.703850081562996, "std": 0.11625721970613051}, "Th4": {"mean": 2.911198310735749, "std": 0.11256418443615152}, "Th3": {"mean": 3.113608494037535, "std": 0.11187515019513318}, "Th2": {"mean": 3.312313938140869, "std": 0.09299519360296984}, "Th1": {"mean": 3.5080166928908403, "std": 0.0993880596864071}, "C7": {"mean": 3.683352701804217, "std": 0.10146338340008064}, "C6": {"mean": 3.811020565032959, "std": 0.0898561986581248}, "C5": {"mean": 4.0015694631470575, "std": 0.0837875537756657}, "C4": {"mean": 4.164395423496471, "std": 0.07562517017778304}, "C3": {"mean": 4.31413478009841, "std": 0.0807898289699435}, "C2": {"mean": 4.441731126684892, "std": 0.07282194591581637}, "C1": {"mean": 4.607597214835031, "std": 0.07669981071894373}}, "transformed": {"pelvis_start": {"mean": 0.0, "std": 1.983}, "femur_end": {"mean": 13.616, "std": 1.198}, "pelvis_end": {"mean": 28.824, "std": 1.881}, "kidney": {"mean": 37.597, "std": 4.116}, "lung_start": {"mean": 44.143, "std": 4.385}, "liver_end": {"mean": 54.479, "std": 3.986}, "lung_end": {"mean": 75.389, "std": 1.478}, "teeth": {"mean": 86.908, "std": 3.253}, "nose": {"mean": 92.567, "std": 5.355}, "eyes_end": {"mean": 100.0, "std": 3.789}, "head_end": {"mean": 107.756, "std": 1.785}, "L5": {"mean": 25.532, "std": 1.854}, "L4": {"mean": 29.414, "std": 2.098}, "L3": {"mean": 33.817, "std": 2.29}, "L2": {"mean": 37.763, "std": 2.335}, "L1": {"mean": 41.478, "std": 2.276}, "Th12": {"mean": 44.952, "std": 2.287}, "Th11": {"mean": 47.725, "std": 2.503}, "Th10": {"mean": 51.069, "std": 2.717}, "Th9": {"mean": 53.994, "std": 2.613}, "Th8": {"mean": 56.856, "std": 2.36}, "Th7": {"mean": 59.851, "std": 2.822}, "Th6": {"mean": 63.177, "std": 2.404}, "Th5": {"mean": 65.964, "std": 2.118}, "Th4": {"mean": 68.499, "std": 2.051}, "Th3": {"mean": 70.973, "std": 2.038}, "Th2": {"mean": 73.401, "std": 1.694}, "Th1": {"mean": 75.794, "std": 1.811}, "C7": {"mean": 77.937, "std": 1.849}, "C6": {"mean": 79.497, "std": 1.637}, "C5": {"mean": 81.826, "std": 1.527}, "C4": {"mean": 83.817, "std": 1.378}, "C3": {"mean": 85.647, "std": 1.472}, "C2": {"mean": 87.206, "std": 1.327}, "C1": {"mean": 89.234, "std": 1.397}}}, "settings": {"upper_tangential_quantile": 0.995, "lower_tangential_quantile": 0.005, "start-landmark": "pelvis_start", "end-landmark": "eyes_end"}}